{
  "characters": [
    {
      "id": "4",
      "name": "Patricia Lebsack",
      "username": "Karianne",
      "email": "Julianne.OConner@kory.org",
      "notShownField": false
    },
    {
      "id": "5",
      "name": "Chelsey Dietrich",
      "username": "Kamren",
      "email": "Lucio_Hettinger@annie.ca",
      "notShownField": false
    },
    {
      "id": "6",
      "name": "Mrs. Dennis Schulist",
      "username": "Leopoldo_Corkery",
      "email": "Karley_Dach@jasper.info",
      "notShownField": false
    },
    {
      "id": "7",
      "name": "Kurtis Weissnat",
      "username": "Elwyn.Skiles",
      "email": "Telly.Hoeger@billy.biz",
      "notShownField": false
    },
    {
      "id": "8",
      "name": "Nicholas Runolfsdottir V",
      "username": "Maxime_Nienow",
      "email": "Sherwood@rosamond.me",
      "notShownField": true
    },
    {
      "id": "9",
      "name": "Glenna Reichert",
      "username": "Delphine",
      "email": "Chaim_McDermott@dana.io",
      "notShownField": false
    },
    {
      "id": "11",
      "name": "Nicholas DuBuque",
      "username": "Nicholas.Stanton",
      "email": "Rey.Padberg@rosamond.biz",
      "notShownField": true
    }
  ]
}